date,ticker,entry_price,exit_price,return_pct
2012-01-31,BBY,14.5023,14.9565,3.1315
2012-02-29,BBY,14.9565,14.3388,-4.1295
2012-03-31,BBY,14.3388,13.4625,-6.1115
2012-04-30,BBY,13.4625,11.419,-15.179
2013-01-31,MKC,24.1071,26.0093,7.8909
2013-02-28,MO,14.7238,15.2894,3.8413
2013-02-28,PM,48.3033,49.2639,1.9887
2013-02-28,CF,28.4607,26.9784,-5.2084
2013-02-28,SYK,54.3986,55.7858,2.55
2013-02-28,GWW,183.4211,182.2224,-0.6535
2013-02-28,MKC,26.0093,28.4375,9.3355
2013-03-31,MO,15.2894,16.2319,6.1645
2013-03-31,PM,49.2639,50.7943,3.1065
2013-03-31,SYK,55.7858,56.0765,0.5212
2013-03-31,GWW,182.2224,199.6282,9.552
2013-03-31,CF,26.9784,26.4313,-2.0276
2013-03-31,MKC,28.4375,27.9479,-1.7216
2013-04-30,MO,16.2319,16.0496,-1.123
2013-04-30,PM,50.7943,48.3074,-4.8959
2013-04-30,WSM,19.9161,20.02,0.5216
2013-04-30,GWW,199.6282,209.284,4.8369
2013-04-30,SYK,56.0765,56.7691,1.2351
2013-04-30,CF,26.4313,27.1182,2.5988
2013-04-30,MKC,27.9479,26.8368,-3.9755
2013-05-31,MO,16.0496,15.7478,-1.8809
2013-05-31,PM,48.3074,46.4828,-3.7772
2013-05-31,WSM,20.02,20.7361,3.5767
2013-05-31,GWW,209.284,205.0079,-2.0432
2013-05-31,SYK,56.7691,55.5337,-2.1762
2013-05-31,CF,27.1182,24.3547,-10.1906
2013-05-31,MKC,26.8368,27.3341,1.853
2013-06-30,MO,15.7478,15.7793,0.2001
2013-06-30,PM,46.4828,47.8565,2.9554
2013-06-30,GWW,205.0079,213.1048,3.9496
2013-06-30,WSM,20.7361,21.9533,5.87
2013-06-30,SYK,55.5337,60.4963,8.9363
2013-06-30,CF,24.3547,27.8354,14.2915
2013-06-30,MKC,27.3341,27.9553,2.2726
2013-07-31,MO,15.7793,15.2482,-3.3657
2013-07-31,PM,47.8565,44.7763,-6.4364
2013-07-31,WSM,21.9533,21.0395,-4.1625
2013-07-31,GWW,213.1048,201.8,-5.3048
2013-07-31,SYK,60.4963,57.4312,-5.0667
2013-07-31,CF,27.8354,27.0872,-2.6878
2013-07-31,MKC,27.9553,26.4093,-5.53
2013-08-31,MO,15.2482,15.6722,2.7805
2013-08-31,PM,44.7763,46.9585,4.8735
2013-08-31,WSM,21.0395,20.9612,-0.3723
2013-08-31,GWW,201.8,213.5156,5.8056
2013-08-31,SYK,57.4312,58.2566,1.4373
2013-08-31,CF,27.0872,30.0031,10.765
2013-08-31,MKC,26.4093,25.2577,-4.3607
2013-09-30,MO,15.6722,16.9862,8.3843
2013-09-30,PM,46.9585,48.3305,2.9219
2013-09-30,WSM,20.9612,19.6725,-6.148
2013-09-30,GWW,213.5156,219.4386,2.7741
2013-09-30,SYK,58.2566,63.6608,9.2766
2013-09-30,CF,30.0031,30.6819,2.2625
2013-09-30,MKC,25.2577,27.1373,7.4417
2013-10-31,MO,16.9862,16.8721,-0.6715
2013-10-31,GWW,219.4386,211.1537,-3.7755
2013-10-31,PM,48.3305,46.3891,-4.017
2013-10-31,WSM,19.6725,22.1784,12.7383
2013-10-31,SYK,63.6608,64.1435,0.7581
2013-10-31,CF,30.6819,31.0776,1.2896
2013-10-31,MKC,27.1373,27.0785,-0.2169
2013-11-30,MO,16.8721,17.7361,5.1211
2013-11-30,PM,46.3891,47.7765,2.9908
2013-11-30,GWW,211.1537,209.1069,-0.9693
2013-11-30,WSM,22.1784,21.8633,-1.4208
2013-11-30,SYK,64.1435,65.0271,1.3777
2013-11-30,CF,31.0776,33.3164,7.204
2013-11-30,MKC,27.0785,27.193,0.423
2013-12-31,MO,17.7361,16.2716,-8.2574
2013-12-31,PM,47.7765,42.8469,-10.318
2013-12-31,WSM,21.8633,20.571,-5.911
2013-12-31,GWW,209.1069,191.9638,-8.1983
2013-12-31,SYK,65.0271,67.156,3.2739
2013-12-31,CF,33.3164,33.0048,-0.9355
2013-12-31,MKC,27.193,25.3228,-6.8776
2014-01-31,MO,16.2716,16.7521,2.9529
2014-01-31,PM,42.8469,44.3658,3.545
2014-01-31,WSM,20.571,21.9746,6.8232
2014-01-31,GWW,191.9638,209.6239,9.1997
2014-01-31,SYK,67.156,69.4407,3.4021
2014-01-31,CF,33.0048,36.0257,9.153
2014-02-28,PM,44.3658,45.4232,2.3833
2014-02-28,MO,16.7521,17.5214,4.5924
2014-02-28,IDXX,62.95,60.7,-3.5743
2014-02-28,WSM,21.9746,25.144,14.4231
2014-02-28,GWW,209.6239,207.6839,-0.9254
2014-02-28,CF,36.0257,37.4242,3.882
2014-02-28,BIIB,340.68,305.87,-10.2178
2014-02-28,SYK,69.4407,70.7764,1.9235
2014-03-31,PM,45.4232,47.3983,4.3483
2014-03-31,MO,17.5214,18.776,7.1601
2014-03-31,IDXX,60.7,63.22,4.1516
2014-03-31,GWW,207.6839,209.1143,0.6887
2014-03-31,CF,37.4242,35.203,-5.9354
2014-03-31,WSM,25.144,23.8281,-5.2332
2014-03-31,BIIB,305.87,287.12,-6.1301
2014-03-31,SYK,70.7764,67.5447,-4.5661
2014-04-30,PM,47.3983,49.1238,3.6404
2014-04-30,MO,18.776,19.4547,3.6151
2014-04-30,WSM,23.8281,25.3833,6.5266
2014-04-30,CF,35.203,35.0768,-0.3584
2014-04-30,IDXX,63.22,64.24,1.6134
2014-04-30,GWW,209.1143,213.2906,1.9972
2014-04-30,BIIB,287.12,319.37,11.2322
2014-04-30,SYK,67.5447,73.4,8.6688
2014-05-31,PM,49.1238,47.2683,-3.7773
2014-05-31,MO,19.4547,19.8564,2.0646
2014-05-31,IDXX,64.24,66.785,3.9617
2014-05-31,WSM,25.3833,27.2267,7.2624
2014-05-31,CF,35.0768,34.676,-1.1426
2014-05-31,GWW,213.2906,209.906,-1.5869
2014-05-31,BIIB,319.37,315.31,-1.2713
2014-05-31,SYK,73.4,73.5146,0.1561
2014-06-30,PM,47.2683,45.9788,-2.7281
2014-06-30,MO,19.8564,19.222,-3.195
2014-06-30,CF,34.676,36.0903,4.0785
2014-06-30,IDXX,66.785,62.24,-6.8054
2014-06-30,WSM,27.2267,25.561,-6.1178
2014-06-30,GWW,209.906,194.1219,-7.5196
2014-06-30,BIIB,315.31,334.39,6.0512
2014-06-30,SYK,73.5146,69.5476,-5.3961
2014-07-31,PM,45.9788,47.9803,4.3532
2014-07-31,MO,19.222,20.3961,6.1083
2014-07-31,IDXX,62.24,61.985,-0.4097
2014-07-31,WSM,25.561,25.0656,-1.9383
2014-07-31,CF,36.0903,37.3747,3.559
2014-07-31,GWW,194.1219,204.1798,5.1812
2014-07-31,BIIB,334.39,343.04,2.5868
2014-07-31,SYK,69.5476,72.634,4.4377
2014-08-31,PM,47.9803,47.3078,-1.4015
2014-08-31,MO,20.3961,22.0111,7.9183
2014-08-31,IDXX,61.985,58.915,-4.9528
2014-08-31,WSM,25.0656,25.3705,1.2163
2014-08-31,CF,37.3747,40.5005,8.3634
2014-08-31,GWW,204.1798,208.6996,2.2136
2014-08-31,BIIB,343.04,330.81,-3.5652
2014-08-31,SYK,72.634,70.6674,-2.7075
2014-09-30,PM,47.3078,50.4901,6.7266
2014-09-30,MO,22.0111,23.161,5.2242
2014-09-30,IDXX,58.915,70.835,20.2325
2014-09-30,WSM,25.3705,24.9093,-1.8179
2014-09-30,CF,40.5005,37.7127,-6.8835
2014-09-30,GWW,208.6996,204.6774,-1.9273
2014-09-30,BIIB,330.81,321.08,-2.9413
2014-09-30,SYK,70.6674,76.6008,8.3962
2014-10-31,PM,50.4901,49.3102,-2.3368
2014-10-31,MO,23.161,24.081,3.9718
2014-10-31,WSM,24.9093,28.5597,14.6548
2014-10-31,CF,37.7127,39.1147,3.7177
2014-10-31,IDXX,70.835,74.675,5.4211
2014-10-31,GWW,204.6774,204.6214,-0.0273
2014-10-31,BIIB,321.08,307.69,-4.1703
2014-10-31,SYK,76.6008,81.3091,6.1465
2014-11-30,PM,49.3102,46.7648,-5.162
2014-11-30,MO,24.081,23.8519,-0.9511
2014-11-30,COR,66.5203,65.8701,-0.9775
2014-11-30,WSM,28.5597,28.9887,1.5022
2014-11-30,IDXX,74.675,74.135,-0.7231
2014-11-30,CF,39.1147,39.7551,1.6371
2014-11-30,GWW,204.6214,212.2923,3.7488
2014-11-30,BIIB,307.69,339.45,10.3221
2014-11-30,SYK,81.3091,82.8507,1.8959
2014-12-31,PM,46.7648,46.0701,-1.4856
2014-12-31,MO,23.8519,25.7061,7.7735
2014-12-31,WSM,28.9887,30.1,3.8336
2014-12-31,COR,65.8701,69.4427,5.4237
2014-12-31,IDXX,74.135,79.21,6.8456
2014-12-31,CF,39.7551,44.5454,12.0496
2014-12-31,GWW,212.2923,196.426,-7.4738
2014-12-31,BIIB,339.45,389.16,14.6443
2014-12-31,SYK,82.8507,79.9698,-3.4772
2015-01-31,PM,46.0701,47.6318,3.3898
2015-01-31,MO,25.7061,27.2504,6.0075
2015-01-31,WSM,30.1,30.9462,2.8115
2015-01-31,COR,69.4427,75.2967,8.4301
2015-01-31,GWW,196.426,198.2123,0.9094
2015-01-31,CF,44.5454,44.8948,0.7843
2015-01-31,IDXX,79.21,78.415,-1.0037
2015-01-31,SYK,79.9698,83.2195,4.0637
2015-01-31,BIIB,389.16,409.59,5.2498
2015-02-28,PM,47.6318,43.7995,-8.0457
2015-02-28,MO,27.2504,24.4586,-10.245
2015-02-28,WSM,30.9462,30.6616,-0.9198
2015-02-28,IDXX,78.415,77.24,-1.4984
2015-02-28,LMT,148.9583,151.1251,1.4546
2015-02-28,CF,44.8948,41.5888,-7.3638
2015-02-28,GWW,198.2123,197.2919,-0.4643
2015-02-28,COR,75.2967,83.2909,10.6169
2015-02-28,BA,132.7529,132.0752,-0.5105
2015-02-28,TER,17.9974,17.5596,-2.4327
2015-02-28,SYK,83.2195,81.3303,-2.2702
2015-03-31,PM,43.7995,48.5323,10.8057
2015-03-31,MO,24.4586,24.4733,0.06
2015-03-31,IDXX,77.24,62.685,-18.8439
2015-03-31,LMT,151.1251,138.9434,-8.0607
2015-03-31,WSM,30.6616,28.414,-7.3304
2015-03-31,CF,41.5888,42.1445,1.336
2015-03-31,BA,132.0752,126.1438,-4.491
2015-03-31,GWW,197.2919,207.8505,5.3518
2015-03-31,COR,83.2909,83.7525,0.5542
2015-03-31,TER,17.5596,17.0006,-3.183
2015-03-31,SYK,81.3303,81.3215,-0.0108
2015-04-30,PM,48.5323,48.2998,-0.4792
2015-04-30,MO,24.4733,25.0356,2.2977
2015-04-30,IDXX,62.685,67.8,8.1598
2015-04-30,WSM,28.414,30.377,6.9087
2015-04-30,LMT,138.9434,141.2419,1.6543
2015-04-30,CF,42.1445,46.5397,10.4288
2015-04-30,GWW,207.8505,202.0341,-2.7984
2015-04-30,TER,17.0006,19.758,16.2195
2015-04-30,BA,126.1438,124.4546,-1.3391
2015-04-30,COR,83.7525,82.6873,-1.2718
2015-04-30,SYK,81.3215,84.751,4.2172
2015-05-31,PM,48.2998,47.1812,-2.316
2015-05-31,MO,25.0356,24.1712,-3.4526
2015-05-31,LMT,141.2419,139.5158,-1.2221
2015-05-31,WSM,30.377,31.7913,4.6559
2015-05-31,CF,46.5397,47.3529,1.7475
2015-05-31,IDXX,67.8,64.14,-5.3982
2015-05-31,BA,124.4546,122.8604,-1.2809
2015-05-31,GWW,202.0341,198.9405,-1.5312
2015-05-31,TER,19.758,18.0205,-8.7943
2015-05-31,COR,82.6873,78.1181,-5.5259
2015-05-31,SYK,84.751,84.5598,-0.2256
2015-06-30,PM,47.1812,50.3356,6.6858
2015-06-30,MO,24.1712,26.8744,11.1838
2015-06-30,CF,47.3529,43.6107,-7.9029
2015-06-30,LMT,139.5158,155.4262,11.404
2015-06-30,IDXX,64.14,72.73,13.3926
2015-06-30,WSM,31.7913,32.8543,3.3435
2015-06-30,GWW,198.9405,192.2658,-3.3551
2015-06-30,TER,18.0205,17.9924,-0.1556
2015-06-30,BA,122.8604,127.6873,3.9288
2015-06-30,COR,78.1181,77.6846,-0.5549
2015-06-30,SYK,84.5598,90.4879,7.0105
2015-07-31,PM,50.3356,46.9634,-6.6994
2015-07-31,MO,26.8744,26.4791,-1.4711
2015-07-31,WSM,32.8543,29.5052,-10.1937
2015-07-31,CF,43.6107,42.4925,-2.5639
2015-07-31,GWW,192.2658,188.8085,-1.7982
2015-07-31,BA,127.6873,116.478,-8.7787
2015-07-31,COR,77.6846,73.6948,-5.1359
2015-07-31,LMT,155.4262,152.0938,-2.144
2015-07-31,TER,17.9924,16.8527,-6.3343
2015-07-31,IDXX,72.73,71.47,-1.7324
2015-07-31,SYK,90.4879,87.285,-3.5397
2015-08-31,PM,46.9634,47.2852,0.6852
2015-08-31,MO,26.4791,27.1725,2.6188
2015-08-31,WSM,29.5052,29.6294,0.4209
2015-08-31,LMT,152.0938,156.7281,3.047
2015-08-31,COR,73.6948,69.9747,-5.048
2015-08-31,GWW,188.8085,181.6851,-3.7728
2015-08-31,BA,116.478,116.7187,0.2066
2015-08-31,TER,16.8527,16.8824,0.176
2015-08-31,IDXX,71.47,74.25,3.8897
2015-08-31,CF,42.4925,33.2505,-21.7497
2015-08-31,SYK,87.285,83.5566,-4.2714
2015-08-31,RMD,45.6882,44.8262,-1.8868
2015-09-30,PM,47.2852,52.6914,11.4332
2015-09-30,MO,27.1725,30.2045,11.1581
2015-09-30,WSM,29.6294,28.7566,-2.9457
2015-09-30,GWW,181.6851,177.4515,-2.3302
2015-09-30,COR,69.9747,71.0944,1.6002
2015-09-30,BA,116.7187,131.9781,13.0737
2015-09-30,LMT,156.7281,166.1934,6.0393
2015-09-30,IDXX,74.25,68.62,-7.5825
2015-09-30,TER,16.8824,18.2978,8.3842
2015-09-30,CF,33.2505,37.5975,13.0735
2015-09-30,SYK,83.5566,84.9063,1.6153
2015-09-30,RMD,44.8262,50.6757,13.0495
2015-10-31,PM,52.6914,52.0894,-1.1426
2015-10-31,MO,30.2045,28.7709,-4.7462
2015-10-31,WSM,28.7566,24.6936,-14.1288
2015-10-31,GWW,177.4515,170.4043,-3.9714
2015-10-31,COR,71.0944,72.9159,2.562
2015-10-31,BA,131.9781,130.4444,-1.1621
2015-10-31,LMT,166.1934,166.9065,0.4291
2015-10-31,TER,18.2978,19.5358,6.7656
2015-10-31,IDXX,68.62,70.82,3.2061
2015-10-31,CF,37.5975,34.3855,-8.5433
2015-10-31,SYK,84.9063,85.6522,0.8785
2015-10-31,RMD,50.6757,52.675,3.9452
2015-11-30,PM,52.0894,53.0216,1.7895
2015-11-30,MO,28.7709,29.3644,2.0629
2015-11-30,GWW,170.4043,172.1461,1.0222
2015-11-30,WSM,24.6936,22.7752,-7.7688
2015-11-30,BA,130.4444,129.6731,-0.5913
2015-11-30,LMT,166.9065,165.3757,-0.9171
2015-11-30,TER,19.5358,19.4324,-0.5293
2015-11-30,IDXX,70.82,72.92,2.9653
2015-11-30,CF,34.3855,30.4133,-11.5518
2015-11-30,SYK,85.6522,82.8618,-3.2579
2015-11-30,RMD,52.675,47.4756,-9.8707
2015-12-31,PM,53.0216,54.2882,2.3888
2015-12-31,MO,29.3644,30.8274,4.982
2015-12-31,GWW,172.1461,167.1328,-2.9123
2015-12-31,BA,129.6731,107.7366,-16.9168
2015-12-31,WSM,22.7752,20.2832,-10.9417
2015-12-31,TER,19.4324,18.2666,-5.999
2015-12-31,LMT,165.3757,160.6921,-2.8321
2015-12-31,NDSN,57.5071,54.1723,-5.7989
2015-12-31,IDXX,72.92,70.14,-3.8124
2015-12-31,CF,30.4133,22.3573,-26.4886
2015-12-31,SYK,82.8618,88.3984,6.6817
2015-12-31,RMD,47.4756,50.1372,5.6062
2016-01-31,PM,54.2882,54.9034,1.1332
2016-01-31,MO,30.8274,31.0594,0.7528
2016-01-31,TER,18.2666,17.9955,-1.4844
2016-01-31,GWW,167.1328,185.4032,10.9317
2016-01-31,BA,107.7366,106.9686,-0.7129
2016-01-31,WSM,20.2832,20.4599,0.8711
2016-01-31,LMT,160.6921,165.5817,3.0428
2016-01-31,NDSN,54.1723,64.4899,19.0457
2016-01-31,IDXX,70.14,73.16,4.3057
2016-01-31,CF,22.3573,27.4609,22.8276
2016-01-31,SYK,88.3984,89.0492,0.7363
2016-01-31,RMD,50.1372,50.5889,0.901
2016-02-29,MO,31.0594,31.8953,2.6913
2016-02-29,PM,54.9034,59.7921,8.9043
2016-02-29,GWW,185.4032,199.5329,7.6211
2016-02-29,BA,106.9686,114.8975,7.4124
2016-02-29,TER,17.9955,20.3628,13.1551
2016-02-29,WSM,20.4599,21.4925,5.047
2016-02-29,LMT,165.5817,169.9631,2.6461
2016-02-29,INTC,23.5912,25.7917,9.3275
2016-02-29,SYK,89.0492,96.003,7.8088
2016-02-29,BIIB,259.42,260.32,0.3469
2016-02-29,NDSN,64.4899,68.422,6.0974
2016-02-29,IDXX,73.16,78.32,7.053
2016-02-29,POOL,70.5814,77.393,9.6507
2016-02-29,CF,27.4609,23.6046,-14.0428
2016-02-29,RMD,50.5889,51.3978,1.599
2016-03-31,MO,31.8953,31.9208,0.0798
2016-03-31,PM,59.7921,59.7982,0.0102
2016-03-31,GWW,199.5329,200.4646,0.4669
2016-03-31,BA,114.8975,122.0119,6.1919
2016-03-31,LMT,169.9631,178.3117,4.912
2016-03-31,WSM,21.4925,23.2197,8.036
2016-03-31,TER,20.3628,17.8351,-12.4132
2016-03-31,INTC,25.7917,24.1413,-6.3988
2016-03-31,NDSN,68.422,69.0429,0.9074
2016-03-31,BIIB,260.32,274.99,5.6354
2016-03-31,SYK,96.003,97.542,1.6031
2016-03-31,IDXX,78.32,84.35,7.6992
2016-03-31,CF,23.6046,24.9076,5.5201
2016-03-31,POOL,77.393,77.1019,-0.3761
2016-03-31,RMD,51.3978,49.6022,-3.4936
2016-04-30,MO,31.9208,32.3942,1.483
2016-04-30,PM,59.7982,60.1395,0.5707
2016-04-30,GWW,200.4646,196.2357,-2.1096
2016-04-30,TER,17.8351,18.7416,5.0825
2016-04-30,BA,122.0119,115.1138,-5.6536
2016-04-30,WSM,23.2197,20.9522,-9.7652
2016-04-30,LMT,178.3117,182.5127,2.356
2016-04-30,INTC,24.1413,25.4033,5.2274
2016-04-30,NDSN,69.0429,78.481,13.6699
2016-04-30,BIIB,274.99,289.73,5.3602
2016-04-30,IDXX,84.35,87.57,3.8174
2016-04-30,SYK,97.542,99.4658,1.9723
2016-04-30,POOL,77.1019,81.0506,5.1214
2016-04-30,CF,24.9076,21.0399,-15.5284
2016-04-30,RMD,49.6022,52.7727,6.3917
2016-05-31,MO,32.3942,35.4046,9.2933
2016-05-31,PM,60.1395,62.6212,4.1266
2016-05-31,GWW,196.2357,195.2903,-0.4817
2016-05-31,BA,115.1138,118.5084,2.9489
2016-05-31,LMT,182.5127,191.7376,5.0544
2016-05-31,WSM,20.9522,20.5928,-1.7157
2016-05-31,TER,18.7416,18.6281,-0.6057
2016-05-31,BIIB,289.73,241.82,-16.5361
2016-05-31,INTC,25.4033,26.3764,3.8303
2016-05-31,SYK,99.4658,107.5799,8.1576
2016-05-31,NDSN,78.481,75.4403,-3.8745
2016-05-31,IDXX,87.57,92.86,6.0409
2016-05-31,POOL,81.0506,83.228,2.6865
2016-05-31,CF,21.0399,18.3319,-12.8706
2016-05-31,RMD,52.7727,56.4987,7.0606
2016-06-30,MO,35.4046,34.7578,-1.8271
2016-06-30,PM,62.6212,61.7224,-1.4353
2016-06-30,GWW,195.2903,188.0717,-3.6963
2016-06-30,BA,118.5084,121.9669,2.9183
2016-06-30,TER,18.6281,18.6849,0.3047
2016-06-30,LMT,191.7376,195.2607,1.8375
2016-06-30,BIIB,241.82,289.93,19.895
2016-06-30,WSM,20.5928,21.5114,4.4608
2016-06-30,INTC,26.3764,28.0329,6.2805
2016-06-30,NDSN,75.4403,79.663,5.5974
2016-06-30,IDXX,92.86,93.79,1.0015
2016-06-30,SYK,107.5799,104.3928,-2.9625
2016-06-30,CF,18.3319,18.7731,2.4066
2016-06-30,POOL,83.228,90.5303,8.7738
2016-06-30,RMD,56.4987,61.5473,8.9357
2016-07-31,MO,34.7578,33.9312,-2.3782
2016-07-31,PM,61.7224,61.5192,-0.3291
2016-07-31,GWW,188.0717,199.3397,5.9913
2016-07-31,BA,121.9669,119.1041,-2.3472
2016-07-31,LMT,195.2607,188.9965,-3.2081
2016-07-31,TER,18.6849,19.9242,6.6329
2016-07-31,WSM,21.5114,20.9386,-2.6627
2016-07-31,INTC,28.0329,29.08,3.7351
2016-07-31,BIIB,289.93,305.63,5.4151
2016-07-31,NDSN,79.663,89.3476,12.1569
2016-07-31,SYK,104.3928,103.8362,-0.5332
2016-07-31,IDXX,93.79,112.68,20.1407
2016-07-31,POOL,90.5303,89.5601,-1.0717
2016-07-31,CF,18.7731,20.0561,6.8343
2016-07-31,RMD,61.5473,59.8702,-2.7248
2016-08-31,MO,33.9312,32.7719,-3.4164
2016-08-31,PM,61.5192,60.4703,-1.705
2016-08-31,GWW,199.3397,194.3099,-2.5232
2016-08-31,BA,119.1041,121.211,1.769
2016-08-31,NDSN,89.3476,90.162,0.9116
2016-08-31,TER,19.9242,20.4741,2.7598
2016-08-31,WSM,20.9386,20.3181,-2.9635
2016-08-31,LMT,188.9965,186.4684,-1.3376
2016-08-31,JKHY,77.6497,76.3617,-1.6587
2016-08-31,INTC,29.08,30.587,5.1825
2016-08-31,BIIB,305.63,313.03,2.4212
2016-08-31,SYK,103.8362,104.8477,0.9742
2016-08-31,IDXX,112.68,112.73,0.0444
2016-08-31,POOL,89.5601,83.922,-6.2952
2016-08-31,CF,20.0561,18.7833,-6.3462
2016-09-30,MO,32.7719,34.2698,4.5706
2016-09-30,PM,60.4703,59.9852,-0.8023
2016-09-30,GWW,194.3099,179.8603,-7.4364
2016-09-30,BA,121.211,131.0467,8.1145
2016-09-30,NDSN,90.162,90.6145,0.5019
2016-09-30,TER,20.4741,22.0965,7.924
2016-09-30,WSM,20.3181,18.5301,-8.7998
2016-09-30,BIIB,313.03,280.18,-10.4942
2016-09-30,LMT,186.4684,191.649,2.7782
2016-09-30,INTC,30.587,28.2535,-7.6291
2016-09-30,JKHY,76.3617,72.3183,-5.2951
2016-09-30,SYK,104.8477,103.893,-0.9106
2016-09-30,IDXX,112.73,107.14,-4.9588
2016-09-30,POOL,83.922,82.1996,-2.0525
2016-09-30,CF,18.7833,18.5211,-1.3963
2016-10-31,PM,59.9852,54.9097,-8.4612
2016-10-31,MO,34.2698,33.1347,-3.3122
2016-10-31,GWW,179.8603,200.4177,11.4296
2016-10-31,BA,131.0467,139.5907,6.5198
2016-10-31,INTC,28.2535,28.3286,0.2659
2016-10-31,LMT,191.649,207.749,8.4008
2016-10-31,TER,22.0965,23.1859,4.9303
2016-10-31,WSM,18.5301,21.9619,18.5201
2016-10-31,NDSN,90.6145,96.5873,6.5914
2016-10-31,BIIB,280.18,294.07,4.9575
2016-10-31,SYK,103.893,102.3709,-1.4651
2016-10-31,AZO,742.16,783.18,5.5271
2016-10-31,JKHY,72.3183,77.4008,7.0279
2016-10-31,IDXX,107.14,117.65,9.8096
2016-10-31,POOL,82.1996,89.6307,9.0403
2016-10-31,CF,18.5211,22.5798,21.9143
2016-11-30,MO,33.1347,35.3656,6.7328
2016-11-30,PM,54.9097,57.5608,4.8282
2016-11-30,GWW,200.4177,201.878,0.7286
2016-11-30,BA,139.5907,144.3376,3.4006
2016-11-30,TER,23.1859,24.1559,4.1837
2016-11-30,LMT,207.749,195.7579,-5.7719
2016-11-30,WSM,21.9619,19.4001,-11.6648
2016-11-30,SYK,102.3709,108.2908,5.7829
2016-11-30,NDSN,96.5873,101.6643,5.2563
2016-11-30,BIIB,294.07,283.58,-3.5672
2016-11-30,INTC,28.3286,29.6104,4.5245
2016-11-30,AZO,783.18,789.79,0.844
2016-11-30,IDXX,117.65,117.27,-0.323
2016-11-30,JKHY,77.4008,79.4961,2.7071
2016-11-30,CF,22.5798,24.5616,8.7768
2016-11-30,POOL,89.6307,92.9536,3.7074
2016-12-31,MO,35.3656,37.2275,5.2647
2016-12-31,GWW,201.878,219.5407,8.7492
2016-12-31,PM,57.5608,60.4801,5.0716
2016-12-31,BA,144.3376,151.5137,4.9717
2016-12-31,LMT,195.7579,196.8466,0.5562
2016-12-31,TER,24.1559,26.99,11.7323
2016-12-31,WSM,19.4001,19.4766,0.3945
2016-12-31,BIIB,283.58,277.24,-2.2357
2016-12-31,AZO,789.79,724.98,-8.206
2016-12-31,SYK,108.2908,111.6532,3.1049
2016-12-31,INTC,29.6104,30.0594,1.5164
2016-12-31,JKHY,79.4961,80.3915,1.1263
2016-12-31,IDXX,117.27,122.33,4.3148
2016-12-31,POOL,92.9536,94.0405,1.1693
2016-12-31,CF,24.5616,27.5343,12.1029
2017-01-31,MO,37.2275,39.1836,5.2543
2017-01-31,PM,60.4801,68.7974,13.7522
2017-01-31,GWW,219.5407,216.5721,-1.3522
2017-01-31,BA,151.5137,168.5364,11.2351
2017-01-31,LMT,196.8466,210.2291,6.7984
2017-01-31,TER,26.99,27.1114,0.4501
2017-01-31,BIIB,277.24,288.6,4.0975
2017-01-31,WSM,19.4766,19.6302,0.7882
2017-01-31,INTC,30.0594,29.7642,-0.982
2017-01-31,AZO,724.98,736.55,1.5959
2017-01-31,SYK,111.6532,116.1996,4.0719
2017-01-31,IDXX,122.33,144.94,18.4828
2017-01-31,JKHY,80.3915,84.2398,4.787
2017-01-31,CF,27.5343,24.719,-10.2248
2017-01-31,POOL,94.0405,102.1919,8.668
2017-02-28,MO,39.1836,37.6535,-3.9049
2017-02-28,FAST,9.8318,10.1207,2.9382
2017-02-28,GWW,216.5721,203.2961,-6.13
2017-02-28,PM,68.7974,71.6848,4.1969
2017-02-28,ORLY,18.114,17.9893,-0.6882
2017-02-28,BIIB,288.6,273.42,-5.2599
2017-02-28,TER,27.1114,29.6472,9.353
2017-02-28,LMT,210.2291,211.0335,0.3826
2017-02-28,IDXX,144.94,154.61,6.6717
2017-02-28,WSM,19.6302,21.6623,10.3519
2017-02-28,AZO,736.55,723.05,-1.8329
2017-02-28,SYK,116.1996,119.3748,2.7326
2017-02-28,POOL,102.1919,106.5869,4.3007
2017-02-28,JKHY,84.2398,83.6379,-0.7145
2017-02-28,CF,24.719,23.0904,-6.5882
2017-03-31,MO,37.6535,37.8433,0.5041
2017-03-31,FAST,10.1207,8.8423,-12.6315
2017-03-31,PM,71.6848,70.3768,-1.8246
2017-03-31,GWW,203.2961,168.3072,-17.2108
2017-03-31,BIIB,273.42,271.21,-0.8083
2017-03-31,ORLY,17.9893,16.5433,-8.0381
2017-03-31,LMT,211.0335,212.4925,0.6914
2017-03-31,AZO,723.05,692.19,-4.268
2017-03-31,WSM,21.6623,21.9919,1.5215
2017-03-31,IDXX,154.61,167.73,8.4859
2017-03-31,SYK,119.3748,123.6547,3.5852
2017-03-31,JKHY,83.6379,87.0697,4.1031
2017-03-31,POOL,106.5869,106.8459,0.243
2017-03-31,CF,23.0904,21.0371,-8.8927
2017-03-31,TER,29.6472,33.6224,13.4084
2017-04-30,MO,37.8433,39.7729,5.0989
2017-04-30,FAST,8.8423,8.5434,-3.3796
2017-04-30,PM,70.3768,76.0659,8.0837
2017-04-30,GWW,168.3072,151.4818,-9.9968
2017-04-30,ORLY,16.5433,16.1387,-2.4461
2017-04-30,BIIB,271.21,247.77,-8.6427
2017-04-30,AZO,692.19,605.92,-12.4633
2017-04-30,WSM,21.9919,19.7988,-9.9722
2017-04-30,LMT,212.4925,223.1352,5.0085
2017-04-30,IDXX,167.73,168.39,0.3935
2017-04-30,SYK,123.6547,129.6303,4.8325
2017-04-30,POOL,106.8459,106.7366,-0.1023
2017-04-30,JKHY,87.0697,95.7103,9.9238
2017-04-30,TER,33.6224,33.9561,0.9925
2017-04-30,CF,21.0371,21.3953,1.703
2017-05-31,MO,39.7729,39.5817,-0.4806
2017-05-31,FAST,8.5434,8.6147,0.8339
2017-05-31,PM,76.0659,75.2144,-1.1195
2017-05-31,GWW,151.4818,158.7358,4.7887
2017-05-31,ORLY,16.1387,14.5827,-9.6414
2017-05-31,BIIB,247.77,271.36,9.5209
2017-05-31,WSM,19.7988,19.7337,-0.3288
2017-05-31,AZO,605.92,570.46,-5.8523
2017-05-31,IDXX,168.39,161.42,-4.1392
2017-05-31,LMT,223.1352,220.3414,-1.2521
2017-05-31,SYK,129.6303,126.2243,-2.6275
2017-05-31,POOL,106.7366,105.3389,-1.3095
2017-05-31,JKHY,95.7103,93.6017,-2.2032
2017-05-31,CF,21.3953,22.2384,3.9405
2017-05-31,TER,33.9561,28.6836,-15.5274
2017-06-30,FAST,8.6147,8.5665,-0.5592
2017-06-30,MO,39.5817,34.5324,-12.7568
2017-06-30,PM,75.2144,74.7405,-0.63
2017-06-30,GWW,158.7358,146.6106,-7.6386
2017-06-30,ORLY,14.5827,13.62,-6.6014
2017-06-30,BIIB,271.36,289.59,6.718
2017-06-30,AZO,570.46,539.82,-5.3711
2017-06-30,WSM,19.7337,19.0584,-3.4218
2017-06-30,IDXX,161.42,166.46,3.1223
2017-06-30,LMT,220.3414,231.866,5.2304
2017-06-30,SYK,126.2243,133.7916,5.9951
2017-06-30,JKHY,93.6017,96.7106,3.3214
2017-06-30,POOL,105.3389,96.872,-8.0378
2017-06-30,TER,28.6836,33.0391,15.1848
2017-06-30,CF,22.2384,23.344,4.9714
2017-07-31,MO,34.5324,33.6979,-2.4165
2017-07-31,FAST,8.5665,8.5087,-0.675
2017-07-31,PM,74.7405,74.8814,0.1885
2017-07-31,GWW,146.6106,144.0541,-1.7437
2017-07-31,ORLY,13.62,13.0753,-3.999
2017-07-31,BIIB,289.59,316.56,9.3132
2017-07-31,WSM,19.0584,18.8819,-0.9262
2017-07-31,AZO,539.82,528.44,-2.1081
2017-07-31,IDXX,166.46,155.43,-6.6262
2017-07-31,LMT,231.866,243.8307,5.1602
2017-07-31,SYK,133.7916,128.58,-3.8953
2017-07-31,JKHY,96.7106,92.8808,-3.9601
2017-07-31,POOL,96.872,89.6232,-7.4829
2017-07-31,CF,23.344,23.2848,-0.2538
2017-07-31,TER,33.0391,34.0134,2.9488
2017-08-31,MO,33.6979,34.0682,1.099
2017-08-31,FAST,8.5087,9.089,6.8198
2017-08-31,GWW,144.0541,159.2774,10.5678
2017-08-31,PM,74.8814,71.7683,-4.1573
2017-08-31,BIIB,316.56,313.12,-1.0867
2017-08-31,ORLY,13.0753,14.358,9.8098
2017-08-31,AZO,528.44,595.11,12.6164
2017-08-31,JKHY,92.8808,92.9122,0.0339
2017-08-31,WSM,18.8819,20.4664,8.3913
2017-08-31,LMT,243.8307,247.7429,1.6045
2017-08-31,IDXX,155.43,155.49,0.0386
2017-08-31,SYK,128.58,129.5618,0.7636
2017-08-31,POOL,89.6232,97.2469,8.5063
2017-08-31,CF,23.2848,28.2405,21.2832
2017-08-31,TER,34.0134,35.6885,4.925
2017-09-30,FAST,9.089,9.4278,3.7281
2017-09-30,MO,34.0682,34.498,1.2615
2017-09-30,PM,71.7683,67.6501,-5.7382
2017-09-30,GWW,159.2774,175.183,9.9861
2017-09-30,BIIB,313.12,311.66,-0.4663
2017-09-30,ORLY,14.358,14.0633,-2.0523
2017-09-30,LMT,247.7429,246.0424,-0.6864
2017-09-30,AZO,595.11,589.5,-0.9427
2017-09-30,WSM,20.4664,21.3381,4.2596
2017-09-30,IDXX,155.49,166.17,6.8686
2017-09-30,JKHY,92.9122,99.5469,7.1408
2017-09-30,SYK,129.5618,141.2846,9.048
2017-09-30,CF,28.2405,30.5055,8.0205
2017-09-30,POOL,97.2469,108.5835,11.6576
2017-09-30,TER,35.6885,41.048,15.0174
2017-10-31,FAST,9.4278,10.5157,11.5393
2017-10-31,MO,34.498,36.4372,5.6213
2017-10-31,PM,67.6501,66.4282,-1.8062
2017-10-31,GWW,175.183,197.3296,12.642
2017-10-31,BIIB,311.66,322.17,3.3723
2017-10-31,ORLY,14.0633,15.7473,11.9744
2017-10-31,LMT,246.0424,256.3918,4.2063
2017-10-31,AZO,589.5,686.76,16.4987
2017-10-31,WSM,21.3381,21.1562,-0.8527
2017-10-31,JKHY,99.5469,104.5191,4.9948
2017-10-31,IDXX,166.17,156.41,-5.8735
2017-10-31,CF,30.5055,30.3394,-0.5444
2017-10-31,SYK,141.2846,142.3154,0.7297
2017-10-31,POOL,108.5835,113.3018,4.3453
2017-10-31,TER,41.048,38.7952,-5.4884
2017-11-30,MO,36.4372,38.706,6.2266
2017-11-30,FAST,10.5157,10.9774,4.3901
2017-11-30,PM,66.4282,68.9857,3.8501
2017-11-30,AAPL,40.1712,39.5588,-1.5246
2017-11-30,GWW,197.3296,210.6508,6.7507
2017-11-30,ORLY,15.7473,16.036,1.8331
2017-11-30,BIIB,322.17,318.57,-1.1174
2017-11-30,TEL,82.002,82.5229,0.6353
2017-11-30,AZO,686.76,711.37,3.5835
2017-11-30,WSM,21.1562,21.3795,1.0555
2017-11-30,IDXX,156.41,156.38,-0.0192
2017-11-30,JKHY,104.5191,106.0055,1.4221
2017-11-30,LMT,256.3918,257.9423,0.6048
2017-11-30,SYK,142.3154,141.6851,-0.4429
2017-11-30,CF,30.3394,34.4446,13.5308
2017-11-30,POOL,113.3018,116.918,3.1917
2017-11-30,TER,38.7952,40.1372,3.4594
2017-12-31,FAST,10.9774,11.1043,1.1565
2017-12-31,MO,38.706,38.126,-1.4984
2017-12-31,PM,68.9857,70.0174,1.4955
2017-12-31,AAPL,39.5588,39.138,-1.0637
2017-12-31,GWW,210.6508,240.4406,14.1418
2017-12-31,TEL,82.5229,89.0265,7.8809
2017-12-31,BIIB,318.57,347.81,9.1785
2017-12-31,ORLY,16.036,17.646,10.0399
2017-12-31,AZO,711.37,765.44,7.6008
2017-12-31,LMT,257.9423,285.0984,10.528
2017-12-31,WSM,21.3795,21.3361,-0.203
2017-12-31,IDXX,156.38,187.04,19.6061
2017-12-31,JKHY,106.0055,112.9843,6.5834
2017-12-31,CIEN,20.93,21.28,1.6722
2017-12-31,SYK,141.6851,150.4146,6.1612
2017-12-31,CF,34.4446,34.3637,-0.2351
2017-12-31,POOL,116.918,121.9591,4.3116
2017-12-31,NDSN,134.0253,131.5718,-1.8306
2017-12-31,TER,40.1372,43.9429,9.4817
2018-01-31,MO,38.126,34.1205,-10.5061
2018-01-31,FAST,11.1043,11.0558,-0.4367
2018-01-31,AAPL,39.138,41.8066,6.8185
2018-01-31,PM,70.0174,67.6145,-3.4319
2018-01-31,GWW,240.4406,234.3693,-2.525
2018-01-31,BIIB,347.81,288.99,-16.9115
2018-01-31,TEL,89.0265,89.8646,0.9414
2018-01-31,ORLY,17.646,16.2793,-7.7449
2018-01-31,AZO,765.44,664.72,-13.1584
2018-01-31,LMT,285.0984,284.7521,-0.1215
2018-01-31,WSM,21.3361,21.5568,1.0345
2018-01-31,JKHY,112.9843,106.6436,-5.612
2018-01-31,CIEN,21.28,23.17,8.8816
2018-01-31,IDXX,187.04,187.23,0.1016
2018-01-31,SYK,150.4146,148.3832,-1.3505
2018-01-31,NDSN,131.5718,123.003,-6.5127
2018-01-31,CF,34.3637,33.6465,-2.0869
2018-01-31,POOL,121.9591,124.4751,2.063
2018-01-31,TER,43.9429,43.6102,-0.7571
2018-02-28,FAST,11.0558,11.0296,-0.2376
2018-02-28,MO,34.1205,34.1404,0.0583
2018-02-28,PM,67.6145,65.6048,-2.9723
2018-02-28,GWW,234.3693,252.9362,7.922
2018-02-28,AAPL,41.8066,39.3797,-5.8051
2018-02-28,ORLY,16.2793,16.492,1.3064
2018-02-28,CL,56.6089,58.8332,3.9292
2018-02-28,TEL,89.8646,87.0838,-3.0944
2018-02-28,AZO,664.72,648.69,-2.4115
2018-02-28,LMT,284.7521,273.0289,-4.117
2018-02-28,WSM,21.5568,21.9733,1.932
2018-02-28,JKHY,106.6436,109.962,3.1117
2018-02-28,LII,185.3474,185.5834,0.1273
2018-02-28,CIEN,23.17,25.9,11.7825
2018-02-28,CF,33.6465,30.7828,-8.5112
2018-02-28,IDXX,187.23,191.39,2.2219
2018-02-28,POOL,124.4751,132.2,6.206
2018-02-28,NDSN,123.003,125.0856,1.6931
2018-02-28,SYK,148.3832,147.6864,-0.4696
2018-02-28,TER,43.6102,43.908,0.6828
2018-03-31,FAST,11.0296,10.1749,-7.7488
2018-03-31,MO,34.1404,30.7384,-9.9647
2018-03-31,PM,65.6048,54.1207,-17.505
2018-03-31,AAPL,39.3797,38.7883,-1.502
2018-03-31,GWW,252.9362,252.1118,-0.3259
2018-03-31,ORLY,16.492,17.0713,3.5128
2018-03-31,AZO,648.69,624.52,-3.726
2018-03-31,CL,58.8332,53.853,-8.465
2018-03-31,TEL,87.0838,79.9794,-8.1582
2018-03-31,LMT,273.0289,259.221,-5.0573
2018-03-31,WSM,21.9733,20.0833,-8.6013
2018-03-31,JKHY,109.962,108.6256,-1.2154
2018-03-31,LII,185.5834,175.5945,-5.3824
2018-03-31,CIEN,25.9,25.75,-0.5791
2018-03-31,CF,30.7828,31.6558,2.8359
2018-03-31,IDXX,191.39,194.49,1.6197
2018-03-31,POOL,132.2,125.5006,-5.0677
2018-03-31,SYK,147.6864,155.4874,5.2821
2018-03-31,NDSN,125.0856,117.9845,-5.6769
2018-03-31,TER,43.908,31.2668,-28.7902
2018-04-30,FAST,10.1749,10.8344,6.4813
2018-04-30,MO,30.7384,30.5357,-0.6594
2018-04-30,GWW,252.1118,278.1396,10.3239
2018-04-30,PM,54.1207,52.4971,-3.0
2018-04-30,AAPL,38.7883,44.0295,13.5124
2018-04-30,ORLY,17.0713,17.9607,5.2095
2018-04-30,CL,53.853,52.0862,-3.2807
2018-04-30,TEL,79.9794,81.5165,1.9219
2018-04-30,AZO,624.52,649.32,3.971
2018-04-30,LMT,259.221,255.724,-1.349
2018-04-30,WSM,20.0833,23.2639,15.8368
2018-04-30,JKHY,108.6256,114.0435,4.9878
2018-04-30,LII,175.5945,184.6208,5.1404
2018-04-30,CIEN,25.75,23.05,-10.4854
2018-04-30,CF,31.6558,33.8218,6.8424
2018-04-30,POOL,125.5006,129.6071,3.2722
2018-04-30,IDXX,194.49,208.21,7.0543
2018-04-30,TER,31.2668,36.5007,16.7396
2018-04-30,NDSN,117.9845,115.5291,-2.0812
2018-04-30,SYK,155.4874,159.7091,2.7152
2018-05-31,FAST,10.8344,9.7963,-9.581
2018-05-31,MO,30.5357,31.4948,3.1409
2018-05-31,GWW,278.1396,277.6084,-0.191
2018-05-31,PM,52.4971,54.0427,2.9442
2018-05-31,ORLY,17.9607,18.238,1.5441
2018-05-31,AAPL,44.0295,43.6148,-0.9418
2018-05-31,AZO,649.32,670.93,3.3281
2018-05-31,CL,52.0862,53.5062,2.7263
2018-05-31,TEL,81.5165,78.8717,-3.2445
2018-05-31,LMT,255.724,240.1875,-6.0755
2018-05-31,WSM,23.2639,25.789,10.8543
2018-05-31,CIEN,23.05,26.51,15.0109
2018-05-31,JKHY,114.0435,118.8767,4.238
2018-05-31,POOL,129.6071,137.3878,6.0033
2018-05-31,LII,184.6208,182.3534,-1.2282
2018-05-31,CF,33.8218,36.5019,7.9242
2018-05-31,IDXX,208.21,217.94,4.6732
2018-05-31,NDSN,115.5291,118.0856,2.2129
2018-05-31,SYK,159.7091,155.4052,-2.6949
2018-05-31,TER,36.5007,36.6548,0.422
2018-06-30,FAST,9.7963,11.6681,19.1066
2018-06-30,MO,31.4948,32.543,3.328
2018-06-30,GWW,277.6084,311.9585,12.3736
2018-06-30,AAPL,43.6148,44.8353,2.7983
2018-06-30,PM,54.0427,57.7642,6.8863
2018-06-30,ORLY,18.238,20.4,11.8544
2018-06-30,AZO,670.93,705.53,5.157
2018-06-30,CL,53.5062,55.6789,4.0606
2018-06-30,TEL,78.8717,81.9456,3.8974
2018-06-30,WSM,25.789,24.7471,-4.0402
2018-06-30,LMT,240.1875,265.1225,10.3814
2018-06-30,IDXX,217.94,244.93,12.3841
2018-06-30,JKHY,118.8767,122.8344,3.3292
2018-06-30,CIEN,26.51,25.4,-4.1871
2018-06-30,CF,36.5019,36.5184,0.045
2018-06-30,LII,182.3534,197.7781,8.4587
2018-06-30,POOL,137.3878,138.9749,1.1552
2018-06-30,SYK,155.4052,150.2422,-3.3222
2018-06-30,TER,36.6548,41.6422,13.6065
2018-06-30,NDSN,118.0856,123.3273,4.4389
2018-07-31,FAST,11.6681,11.9612,2.5119
2018-07-31,MO,32.543,32.4542,-0.2726
2018-07-31,GWW,311.9585,319.956,2.5636
2018-07-31,ORLY,20.4,22.3613,9.6144
2018-07-31,PM,57.7642,52.1351,-9.7451
2018-07-31,AAPL,44.8353,53.8213,20.0422
2018-07-31,AZO,705.53,766.88,8.6956
2018-07-31,CL,55.6789,55.1803,-0.8954
2018-07-31,WSM,24.7471,29.7143,20.0718
2018-07-31,TEL,81.9456,80.6755,-1.5499
2018-07-31,LMT,265.1225,262.1253,-1.1305
2018-07-31,CIEN,25.4,31.58,24.3307
2018-07-31,LII,197.7781,202.9986,2.6396
2018-07-31,JKHY,122.8344,144.4832,17.6244
2018-07-31,IDXX,244.93,254.04,3.7194
2018-07-31,POOL,138.9749,149.3763,7.4843
2018-07-31,CF,36.5184,42.9749,17.6803
2018-07-31,NDSN,123.3273,128.1748,3.9306
2018-07-31,SYK,150.2422,155.9298,3.7856
2018-07-31,TER,41.6422,39.6588,-4.763
2018-08-31,FAST,11.9612,11.8915,-0.5826
2018-08-31,MO,32.4542,33.8742,4.3752
2018-08-31,ORLY,22.3613,23.1547,3.5478
2018-08-31,PM,52.1351,55.3513,6.1691
2018-08-31,GWW,319.956,322.9743,0.9433
2018-08-31,AAPL,53.8213,53.3744,-0.8303
2018-08-31,AZO,766.88,775.7,1.1501
2018-08-31,CL,55.1803,55.629,0.8132
2018-08-31,TEL,80.6755,77.3756,-4.0903
2018-08-31,WSM,29.7143,27.8061,-6.4218
2018-08-31,LMT,262.1253,283.0277,7.9742
2018-08-31,IDXX,254.04,249.66,-1.7241
2018-08-31,LII,202.9986,199.5694,-1.6893
2018-08-31,JKHY,144.4832,146.3171,1.2693
2018-08-31,CF,42.9749,45.0347,4.7931
2018-08-31,CIEN,31.58,31.24,-1.0766
2018-08-31,POOL,149.3763,151.7589,1.5951
2018-08-31,NDSN,128.1748,128.0642,-0.0863
2018-08-31,TER,39.6588,35.6833,-10.0243
2018-08-31,SYK,155.9298,163.9608,5.1504
2018-09-30,FAST,11.8915,10.6191,-10.6996
2018-09-30,MO,33.8742,36.5308,7.8428
2018-09-30,ORLY,23.1547,21.3833,-7.65
2018-09-30,GWW,322.9743,256.61,-20.5478
2018-09-30,PM,55.3513,59.7841,8.0084
2018-09-30,AAPL,53.3744,51.7477,-3.0478
2018-09-30,AZO,775.7,733.47,-5.4441
2018-09-30,CL,55.629,49.8095,-10.4613
2018-09-30,WSM,27.8061,25.3175,-8.9498
2018-09-30,TEL,77.3756,66.3673,-14.2272
2018-09-30,JKHY,146.3171,136.9483,-6.403
2018-09-30,IDXX,249.66,212.12,-15.0365
2018-09-30,LMT,283.0277,240.3968,-15.0624
2018-09-30,CIEN,31.24,31.26,0.064
2018-09-30,LII,199.5694,192.7069,-3.4387
2018-09-30,POOL,151.7589,132.5435,-12.6618
2018-09-30,CF,45.0347,39.7322,-11.7744
2018-09-30,NDSN,128.0642,113.1003,-11.6847
2018-09-30,SYK,163.9608,149.6945,-8.701
2018-09-30,TER,35.6833,33.242,-6.8415
2018-10-31,FAST,10.6191,12.2406,15.2694
2018-10-31,MO,36.5308,30.7962,-15.698
2018-10-31,GWW,256.61,285.0927,11.0996
2018-10-31,ORLY,21.3833,23.1187,8.1154
2018-10-31,PM,59.7841,58.7387,-1.7486
2018-10-31,AAPL,51.7477,42.3711,-18.1197
2018-10-31,CL,49.8095,53.1301,6.6667
2018-10-31,WSM,25.3175,24.145,-4.6312
2018-10-31,TEL,66.3673,68.0987,2.6088
2018-10-31,LMT,240.3968,247.5809,2.9884
2018-10-31,JKHY,136.9483,128.0297,-6.5124
2018-10-31,CIEN,31.26,32.62,4.3506
2018-10-31,IDXX,212.12,203.76,-3.9412
2018-10-31,LII,192.7069,206.4318,7.1222
2018-10-31,CF,39.7322,35.1137,-11.6239
2018-10-31,POOL,132.5435,148.2311,11.8359
2018-10-31,NDSN,113.1003,111.0166,-1.8423
2018-10-31,SYK,149.6945,161.9123,8.1618
2018-10-31,TER,33.242,34.5233,3.8547
2018-11-30,MO,30.7962,28.2003,-8.4293
2018-11-30,FAST,12.2406,10.8009,-11.7617
2018-11-30,ORLY,23.1187,22.9553,-0.7065
2018-11-30,PM,58.7387,46.0162,-21.6595
2018-11-30,GWW,285.0927,256.3328,-10.0879
2018-11-30,TEL,68.0987,66.9479,-1.6898
2018-11-30,CL,53.1301,49.7844,-6.2972
2018-11-30,WSM,24.145,21.5101,-10.913
2018-11-30,CIEN,32.62,33.91,3.9546
2018-11-30,JKHY,128.0297,115.9508,-9.4345
2018-11-30,LMT,247.5809,215.7793,-12.8449
2018-11-30,IDXX,203.76,186.02,-8.7063
2018-11-30,LII,206.4318,200.5756,-2.8369
2018-11-30,CF,35.1137,36.2123,3.1287
2018-11-30,POOL,148.2311,135.5889,-8.5287
2018-11-30,NDSN,111.0166,110.3759,-0.5772
2018-11-30,SYK,161.9123,145.1351,-10.3619
2018-11-30,TER,34.5233,30.3542,-12.0762
2018-12-31,FAST,10.8009,12.5787,16.4594
2018-12-31,MO,28.2003,28.1775,-0.081
2018-12-31,ORLY,22.9553,22.9773,0.0958
2018-12-31,GWW,256.3328,268.1618,4.6147
2018-12-31,PM,46.0162,52.8814,14.9191
2018-12-31,TEL,66.9479,71.6572,7.0342
2018-12-31,CL,49.7844,54.4657,9.403
2018-12-31,WSM,21.5101,23.4024,8.7972
2018-12-31,JKHY,115.9508,122.3935,5.5564
2018-12-31,LMT,215.7793,238.7302,10.6363
2018-12-31,IDXX,186.02,212.78,14.3855
2018-12-31,POOL,135.5889,136.7382,0.8476
2018-12-31,LII,200.5756,210.125,4.761
2018-12-31,SYK,145.1351,164.4123,13.2823
2018-12-31,CF,36.2123,36.3289,0.3218
2018-12-31,TER,30.3542,34.8135,14.6909
2019-01-31,FAST,12.5787,13.0946,4.1019
2019-01-31,MO,28.1775,29.9247,6.2006
2019-01-31,ORLY,22.9773,24.7973,7.9208
2019-01-31,GWW,268.1618,277.9244,3.6406
2019-01-31,PM,52.8814,59.9258,13.3211
2019-01-31,TEL,71.6572,73.0546,1.9502
2019-01-31,CL,54.4657,55.4677,1.8398
2019-01-31,WSM,23.4024,25.0061,6.8528
2019-01-31,JKHY,122.3935,121.9174,-0.3889
2019-01-31,POOL,136.7382,145.522,6.4238
2019-01-31,LMT,238.7302,256.8182,7.5767
2019-01-31,LII,210.125,224.7609,6.9653
2019-01-31,CF,36.3289,35.3709,-2.6368
2019-01-31,IDXX,212.78,211.03,-0.8224
2019-01-31,SYK,164.4123,174.5417,6.1609
2019-01-31,TER,34.8135,39.5816,13.696
2019-02-28,GWW,277.9244,274.4227,-1.26
2019-02-28,HSY,93.3476,96.8477,3.7496
2019-02-28,CL,55.4677,57.7161,4.0534
2019-02-28,TEL,73.0546,71.8621,-1.6323
2019-02-28,WSM,25.0061,24.1935,-3.2497
2019-02-28,BA,429.6555,372.4866,-13.3058
2019-02-28,JKHY,121.9174,127.5339,4.6068
2019-02-28,CF,35.3709,34.2645,-3.128
2019-02-28,DPZ,230.1325,237.3275,3.1265
2019-02-28,TER,39.5816,38.6219,-2.4247
2019-03-31,GWW,274.4227,257.16,-6.2905
2019-03-31,HSY,96.8477,105.2986,8.7259
2019-03-31,BA,372.4866,368.8439,-0.9779
2019-03-31,TEL,71.8621,85.1222,18.4521
2019-03-31,CL,57.7161,61.6791,6.8663
2019-03-31,WSM,24.1935,24.7856,2.4473
2019-03-31,CF,34.2645,37.5334,9.5401
2019-03-31,JKHY,127.5339,137.0204,7.4384
2019-03-31,DPZ,237.3275,248.8031,4.8353
2019-03-31,TER,38.6219,47.5018,22.992
2019-04-30,GWW,257.16,239.9025,-6.7108
2019-04-30,HSY,105.2986,111.9099,6.2786
2019-04-30,BA,368.8439,335.5256,-9.0332
2019-04-30,TEL,85.1222,75.3511,-11.4789
2019-04-30,CL,61.6791,58.993,-4.355
2019-04-30,CF,37.5334,33.9778,-9.4731
2019-04-30,JKHY,137.0204,120.9754,-11.71
2019-04-30,DPZ,248.8031,257.0052,3.2966
2019-04-30,TER,47.5018,40.9395,-13.8148
2019-05-31,GWW,239.9025,245.8979,2.4991
2019-05-31,HSY,111.9099,113.6654,1.5686
2019-05-31,TEL,75.3511,85.6835,13.7124
2019-05-31,CL,58.993,60.73,2.9445
2019-05-31,BA,335.5256,357.5266,6.5572
2019-05-31,CF,33.9778,39.4409,16.0785
2019-05-31,JKHY,120.9754,123.4646,2.0576
2019-05-31,DPZ,257.0052,256.4745,-0.2065
2019-05-31,TER,40.9395,46.5451,13.6925
2019-06-30,GWW,245.8979,266.7997,8.5002
2019-06-30,HSY,113.6654,128.6845,13.2135
2019-06-30,CL,60.73,61.1422,0.6788
2019-06-30,BA,357.5266,335.1032,-6.2718
2019-06-30,TEL,85.6835,82.6599,-3.5289
2019-06-30,CF,39.4409,41.8474,6.1015
2019-06-30,JKHY,123.4646,128.7933,4.316
2019-06-30,DPZ,256.4745,225.3691,-12.1281
2019-06-30,TER,46.5451,54.1424,16.3223
2019-07-31,GWW,266.7997,252.1792,-5.4799
2019-07-31,TEL,82.6599,82.0195,-0.7747
2019-07-31,HSY,128.6845,135.058,4.9528
2019-07-31,CL,61.1422,63.1962,3.3594
2019-07-31,BA,335.1032,359.8366,7.3808
2019-07-31,CF,41.8474,40.9425,-2.1625
2019-07-31,DPZ,225.3691,209.0653,-7.2343
2019-07-31,JKHY,128.7933,133.6426,3.7652
2019-07-31,TER,54.1424,51.461,-4.9525
2019-08-31,GWW,252.1792,273.8354,8.5876
2019-08-31,TEL,82.0195,83.7818,2.1487
2019-08-31,HSY,135.058,132.0839,-2.2021
2019-08-31,CL,63.1962,62.6508,-0.8631
2019-08-31,BA,359.8366,376.0253,4.4989
2019-08-31,CF,40.9425,41.8006,2.0959
2019-08-31,JKHY,133.6426,134.9372,0.9687
2019-08-31,DPZ,209.0653,226.0142,8.107
2019-08-31,TER,51.461,56.356,9.5121
2019-09-30,GWW,273.8354,284.6081,3.934
2019-09-30,TEL,83.7818,80.473,-3.9494
2019-09-30,HSY,132.0839,125.1639,-5.2391
2019-09-30,CL,62.6508,58.8365,-6.0881
2019-09-30,BA,376.0253,335.9391,-10.6605
2019-09-30,CPRT,20.0825,20.66,2.8756
2019-09-30,CF,41.8006,38.5296,-7.8252
2019-09-30,JKHY,134.9372,130.8605,-3.0212
2019-09-30,DPZ,226.0142,250.9913,11.0511
2019-09-30,TER,56.356,59.5772,5.7158
2019-10-31,GWW,284.6081,293.3969,3.0881
2019-10-31,TEL,80.473,83.7789,4.1081
2019-10-31,CL,58.8365,58.1675,-1.137
2019-10-31,BA,335.9391,364.0142,8.3572
2019-10-31,HSY,125.1639,126.9212,1.404
2019-10-31,CPRT,20.66,22.25,7.696
2019-10-31,CF,38.5296,39.5133,2.5532
2019-10-31,JKHY,130.8605,140.8251,7.6146
2019-10-31,DPZ,250.9913,271.9489,8.3499
2019-10-31,TER,59.5772,60.9968,2.3828
2019-11-30,GWW,293.3969,313.364,6.8055
2019-11-30,CL,58.1675,59.0424,1.504
2019-11-30,HSY,126.9212,125.9104,-0.7964
2019-11-30,BA,364.0142,323.8333,-11.0383
2019-11-30,CPRT,22.25,22.735,2.1798
2019-11-30,CF,39.5133,40.8216,3.3109
2019-11-30,JKHY,140.8251,135.0137,-4.1267
2019-11-30,DPZ,271.9489,272.0707,0.0448
2019-11-30,TER,60.9968,66.4542,8.9471
2019-12-31,GWW,313.364,280.1781,-10.5902
2019-12-31,BA,323.8333,316.3876,-2.2993
2019-12-31,CL,59.0424,63.6633,7.8265
2019-12-31,HSY,125.9104,132.9263,5.5722
2019-12-31,CPRT,22.735,25.365,11.5681
2019-12-31,JKHY,135.0137,138.6007,2.6567
2019-12-31,CF,40.8216,34.4427,-15.6263
2019-12-31,DPZ,272.0707,260.9296,-4.0949
2019-12-31,TER,66.4542,64.3102,-3.2263
2020-01-31,GWW,280.1781,258.1146,-7.8748
2020-01-31,BA,316.3876,275.11,-13.0465
2020-01-31,HSY,132.9263,123.946,-6.7559
2020-01-31,CL,63.6633,58.3048,-8.4169
2020-01-31,CPRT,25.365,21.12,-16.7357
2020-01-31,CF,34.4427,31.7472,-7.826
2020-01-31,JKHY,138.6007,141.0321,1.7543
2020-01-31,DPZ,260.9296,314.375,20.4827
2020-01-31,TER,64.3102,57.3486,-10.825
2020-02-29,BA,275.11,149.14,-45.789
2020-02-29,HSY,123.946,114.0554,-7.9797
2020-02-29,CL,58.3048,57.2607,-1.7907
2020-02-29,CPRT,21.12,17.13,-18.8921
2020-02-29,JKHY,141.0321,144.2852,2.3066
2020-02-29,DPZ,314.375,300.8277,-4.3093
2020-02-29,TER,57.3486,52.8688,-7.8115
2020-03-31,BBY,44.5703,59.9979,34.614
2020-03-31,BA,149.14,141.02,-5.4445
2020-03-31,HSY,114.0554,113.9951,-0.0528
2020-03-31,WSM,18.8089,27.6054,46.7679
2020-03-31,CL,57.2607,61.0031,6.5356
2020-03-31,CPRT,17.13,20.0275,16.9148
2020-03-31,JKHY,144.2852,152.0087,5.353
2020-03-31,TER,52.8688,61.0378,15.4514
2020-03-31,DPZ,300.8277,335.9724,11.6827
2020-04-30,BBY,59.9979,61.0613,1.7724
2020-04-30,BA,141.02,145.85,3.425
2020-04-30,HSY,113.9951,117.4848,3.0612
2020-04-30,WSM,27.6054,37.145,34.5569
2020-04-30,CL,61.0031,62.7914,2.9315
2020-04-30,JKHY,152.0087,168.4949,10.8456
2020-04-30,DPZ,335.9724,358.1675,6.6062
2020-04-30,CPRT,20.0275,22.3475,11.5841
2020-04-30,TER,61.0378,65.5146,7.3345
2020-05-31,BBY,61.0613,68.7024,12.5139
2020-05-31,BA,145.85,183.3,25.6771
2020-05-31,HSY,117.4848,112.2375,-4.4664
2020-05-31,WSM,37.145,36.6093,-1.4421
2020-05-31,CL,62.7914,63.5988,1.2858
2020-05-31,JKHY,168.4949,171.4482,1.7527
2020-05-31,DPZ,358.1675,343.644,-4.055
2020-05-31,CPRT,22.3475,20.8175,-6.8464
2020-05-31,TER,65.5146,82.6117,26.0967
2020-06-30,BBY,68.7024,78.4012,14.1171
2020-06-30,BA,183.3,158.0,-13.8025
2020-06-30,WSM,36.6093,39.1067,6.8218
2020-06-30,HSY,112.2375,125.91,12.1818
2020-06-30,CL,63.5988,67.4148,6.0001
2020-06-30,JKHY,171.4482,166.1099,-3.1136
2020-06-30,CPRT,20.8175,23.3125,11.9851
2020-06-30,DPZ,343.644,359.6151,4.6476
2020-06-30,TER,82.6117,86.9618,5.2657
2020-07-31,BBY,78.4012,87.3128,11.3666
2020-07-31,BA,158.0,171.82,8.7468
2020-07-31,WSM,39.1067,39.394,0.7346
2020-07-31,HSY,125.91,129.411,2.7805
2020-07-31,JKHY,166.1099,154.1105,-7.2238
2020-07-31,CL,67.4148,69.2137,2.6684
2020-07-31,DPZ,359.6151,380.4045,5.781
2020-07-31,CPRT,23.3125,25.83,10.7989
2020-07-31,TER,86.9618,83.0614,-4.4852
2020-08-31,BBY,87.3128,88.0641,0.8605
2020-08-31,BA,171.82,165.26,-3.818
2020-08-31,WSM,39.394,40.597,3.0538
2020-08-31,HSY,129.411,124.7966,-3.5656
2020-08-31,CL,69.2137,67.3711,-2.6621
2020-08-31,JKHY,154.1105,151.8742,-1.4511
2020-08-31,DPZ,380.4045,396.3683,4.1965
2020-08-31,CPRT,25.83,26.29,1.7809
2020-08-31,TER,83.0614,77.7663,-6.3749
2020-09-30,BBY,88.0641,88.2699,0.2336
2020-09-30,BA,165.26,144.39,-12.6286
2020-09-30,WSM,40.597,41.1639,1.3965
2020-09-30,HSY,124.7966,119.6773,-4.1021
2020-09-30,CL,67.3711,69.2706,2.8194
2020-09-30,JKHY,151.8742,138.4793,-8.8197
2020-09-30,CPRT,26.29,27.59,4.9448
2020-09-30,DPZ,396.3683,352.6008,-11.0421
2020-09-30,TER,77.7663,85.9775,10.5588
2020-10-31,BBY,88.2699,86.0938,-2.4653
2020-10-31,BA,144.39,210.71,45.9312
2020-10-31,AZO,1128.98,1137.65,0.768
2020-10-31,WSM,41.1639,49.4049,20.0197
2020-10-31,HSY,119.6773,129.4489,8.1649
2020-10-31,CL,69.2706,75.1976,8.5562
2020-10-31,JKHY,138.4793,150.2582,8.5059
2020-10-31,CPRT,27.59,28.8625,4.6122
2020-10-31,DPZ,352.6008,365.8821,3.7667
2020-10-31,TER,85.9775,108.0879,25.7165
2020-11-30,BBY,86.0938,79.3982,-7.7771
2020-11-30,AZO,1137.65,1185.4399,4.2008
2020-11-30,BA,210.71,214.06,1.5899
2020-11-30,WSM,49.4049,45.9614,-6.9699
2020-11-30,HSY,129.4489,133.3353,3.0023
2020-11-30,CL,75.1976,75.0834,-0.1518
2020-11-30,JKHY,150.2582,151.7193,0.9724
2020-11-30,CPRT,28.8625,31.8125,10.2209
2020-11-30,DPZ,365.8821,358.1199,-2.1215
2020-11-30,TER,108.0879,117.4429,8.6551
2020-12-31,BBY,79.3982,86.583,9.049
2020-12-31,AZO,1185.4399,1118.37,-5.6578
2020-12-31,BA,214.06,194.19,-9.2824
2020-12-31,WSM,45.9614,58.4237,27.1148
2020-12-31,HSY,133.3353,127.3044,-4.5231
2020-12-31,CL,75.0834,68.8714,-8.2735
2020-12-31,CIEN,52.85,53.39,1.0218
2020-12-31,JKHY,151.7193,135.6098,-10.618
2020-12-31,CPRT,31.8125,27.4375,-13.7525
2020-12-31,DPZ,358.1199,346.2592,-3.3119
2020-12-31,TER,117.4429,111.1638,-5.3466
2021-01-31,BBY,86.583,79.8438,-7.7835
2021-01-31,AZO,1118.37,1159.92,3.7152
2021-01-31,BA,194.19,212.01,9.1766
2021-01-31,WSM,58.4237,59.4978,1.8383
2021-01-31,CL,68.8714,66.3991,-3.5898
2021-01-31,HSY,127.3044,128.1693,0.6794
2021-01-31,CIEN,53.39,52.17,-2.2851
2021-01-31,JKHY,135.6098,139.0284,2.5209
2021-01-31,CPRT,27.4375,27.29,-0.5376
2021-01-31,LMT,279.0385,288.5434,3.4063
2021-01-31,DPZ,346.2592,323.6117,-6.5406
2021-01-31,TER,111.1638,126.0755,13.4141
2021-02-28,TSCO,29.2575,32.5926,11.3991
2021-02-28,PM,65.3817,69.982,7.036
2021-02-28,BIIB,272.88,279.75,2.5176
2021-02-28,BBY,79.8438,91.9161,15.1198
2021-02-28,JNJ,137.6039,142.7187,3.717
2021-02-28,AZO,1159.92,1404.3,21.0687
2021-02-28,ORLY,29.822,33.8167,13.395
2021-02-28,WSM,59.4978,81.2095,36.4917
2021-02-28,CL,66.3991,69.6042,4.8271
2021-02-28,HSY,128.1693,139.178,8.5891
2021-02-28,IDXX,520.17,489.31,-5.9327
2021-02-28,CIEN,52.17,54.72,4.8879
2021-02-28,POOL,311.5902,321.89,3.3056
2021-02-28,JKHY,139.0284,142.5456,2.5299
2021-02-28,CPRT,27.29,27.1525,-0.5039
2021-02-28,DPZ,323.6117,344.3888,6.4204
2021-02-28,SYK,229.8656,231.3106,0.6286
2021-02-28,LMT,288.5434,322.8366,11.8849
2021-02-28,TER,126.0755,119.2821,-5.3884
2021-03-31,TSCO,32.5926,34.713,6.5056
2021-03-31,PM,69.982,74.9188,7.0543
2021-03-31,BBY,91.9161,93.0849,1.2717
2021-03-31,BIIB,279.75,267.33,-4.4397
2021-03-31,ORLY,33.8167,36.8587,8.9956
2021-03-31,AZO,1404.3,1464.12,4.2598
2021-03-31,JNJ,142.7187,141.3119,-0.9857
2021-03-31,WSM,81.2095,77.6475,-4.3862
2021-03-31,HSY,139.178,144.581,3.8821
2021-03-31,CL,69.6042,71.6566,2.9486
2021-03-31,IDXX,489.31,548.99,12.1968
2021-03-31,CIEN,54.72,50.47,-7.7668
2021-03-31,CPRT,27.1525,31.1275,14.6395
2021-03-31,POOL,321.89,393.9433,22.3844
2021-03-31,JKHY,142.5456,152.9838,7.3227
2021-03-31,SYK,231.3106,249.4012,7.8209
2021-03-31,DPZ,344.3888,395.468,14.8318
2021-03-31,LMT,322.8366,332.4999,2.9932
2021-03-31,TER,119.2821,122.615,2.7942
2021-04-30,TSCO,34.713,33.5378,-3.3853
2021-04-30,PM,74.9188,76.0465,1.5053
2021-04-30,BBY,93.0849,93.0609,-0.0258
2021-04-30,BIIB,267.33,267.48,0.0561
2021-04-30,AZO,1464.12,1406.6,-3.9286
2021-04-30,ORLY,36.8587,35.6747,-3.2123
2021-04-30,WSM,77.6475,77.0973,-0.7086
2021-04-30,JNJ,141.3119,147.8907,4.6555
2021-04-30,HSY,144.581,152.9949,5.8195
2021-04-30,CL,71.6566,74.3914,3.8166
2021-04-30,IDXX,548.99,558.11,1.6612
2021-04-30,CIEN,50.47,52.87,4.7553
2021-04-30,POOL,393.9433,407.7744,3.5109
2021-04-30,CPRT,31.1275,32.2525,3.6142
2021-04-30,JKHY,152.9838,145.2556,-5.0517
2021-04-30,SYK,249.4012,242.4118,-2.8024
2021-04-30,DPZ,395.468,399.7098,1.0726
2021-04-30,LMT,332.4999,336.1891,1.1095
2021-04-30,TER,122.615,129.8434,5.8952
2021-05-31,TSCO,33.5378,34.3426,2.3995
2021-05-31,PM,76.0465,79.1088,4.0269
2021-05-31,BBY,93.0609,92.6246,-0.4688
2021-05-31,BIIB,267.48,346.27,29.4564
2021-05-31,AZO,1406.6,1492.22,6.087
2021-05-31,ORLY,35.6747,37.7473,5.8099
2021-05-31,WSM,77.0973,72.5998,-5.8334
2021-05-31,JNJ,147.8907,143.9499,-2.6647
2021-05-31,HSY,152.9949,153.9939,0.653
2021-05-31,CL,74.3914,72.2337,-2.9005
2021-05-31,IDXX,558.11,631.55,13.1587
2021-05-31,CIEN,52.87,56.89,7.6036
2021-05-31,POOL,407.7744,428.4269,5.0647
2021-05-31,JKHY,145.2556,154.0756,6.072
2021-05-31,CPRT,32.2525,32.9575,2.1859
2021-05-31,DPZ,399.7098,437.7172,9.5088
2021-05-31,LMT,336.1891,332.8026,-1.0073
2021-05-31,SYK,242.4118,247.2455,1.994
2021-05-31,TER,129.8434,131.4229,1.2164
2021-06-30,TSCO,34.3426,33.3957,-2.7572
2021-06-30,PM,79.1088,79.8911,0.9888
2021-06-30,BBY,92.6246,90.506,-2.2874
2021-06-30,BIIB,346.27,326.73,-5.643
2021-06-30,AZO,1492.22,1623.5699,8.8023
2021-06-30,ORLY,37.7473,40.256,6.6459
2021-06-30,WSM,72.5998,69.2417,-4.6256
2021-06-30,JNJ,143.9499,150.4684,4.5283
2021-06-30,HSY,153.9939,158.1492,2.6984
2021-06-30,CL,72.2337,70.9714,-1.7476
2021-06-30,IDXX,631.55,678.53,7.4388
2021-06-30,CIEN,56.89,58.14,2.1972
2021-06-30,POOL,428.4269,446.324,4.1774
2021-06-30,CPRT,32.9575,36.75,11.5072
2021-06-30,JKHY,154.0756,164.0451,6.4706
2021-06-30,SYK,247.2455,257.9166,4.316
2021-06-30,LMT,332.8026,326.9268,-1.7655
2021-06-30,DPZ,437.7172,493.0781,12.6476
2021-06-30,TER,131.4229,124.5948,-5.1956
2021-07-31,TSCO,33.3957,35.9502,7.6491
2021-07-31,PM,79.8911,82.2138,2.9074
2021-07-31,BIIB,326.73,338.91,3.7278
2021-07-31,BBY,90.506,93.8571,3.7027
2021-07-31,WSM,69.2417,85.217,23.0718
2021-07-31,AZO,1623.5699,1549.15,-4.5837
2021-07-31,ORLY,40.256,39.6053,-1.6163
2021-07-31,JNJ,150.4684,152.18,1.1375
2021-07-31,HSY,158.1492,157.8985,-0.1585
2021-07-31,CL,70.9714,69.5877,-1.9497
2021-07-31,IDXX,678.53,673.76,-0.703
2021-07-31,CIEN,58.14,57.13,-1.7372
2021-07-31,POOL,446.324,462.4819,3.6202
2021-07-31,JKHY,164.0451,166.203,1.3154
2021-07-31,CPRT,36.75,36.08,-1.8231
2021-07-31,SYK,257.9166,263.7806,2.2736
2021-07-31,LMT,326.9268,318.775,-2.4935
2021-07-31,DPZ,493.0781,485.0087,-1.6365
2021-07-31,TER,124.5948,119.2369,-4.3003
2021-08-31,PM,82.2138,76.5946,-6.8348
2021-08-31,TSCO,35.9502,37.4974,4.3038
2021-08-31,BIIB,338.91,282.99,-16.5
2021-08-31,BBY,93.8571,85.6957,-8.6956
2021-08-31,AZO,1549.15,1697.99,9.6078
2021-08-31,ORLY,39.6053,40.7373,2.8582
2021-08-31,JNJ,152.18,141.9573,-6.7175
2021-08-31,WSM,85.217,80.9402,-5.0187
2021-08-31,HSY,157.8985,150.3901,-4.7552
2021-08-31,CL,69.5877,67.4719,-3.0404
2021-08-31,IDXX,673.76,621.9,-7.6971
2021-08-31,JKHY,166.203,155.006,-6.7369
2021-08-31,KLAC,324.1917,318.9945,-1.6031
2021-08-31,CIEN,57.13,51.35,-10.1173
2021-08-31,POOL,462.4819,406.447,-12.1161
2021-08-31,CPRT,36.08,34.68,-3.8803
2021-08-31,DPZ,485.0087,448.3661,-7.555
2021-08-31,SYK,263.7806,251.6356,-4.6042
2021-08-31,LMT,318.775,305.7511,-4.0856
2021-08-31,TER,119.2369,107.1894,-10.1038
2021-09-30,TSCO,37.4974,40.192,7.1862
2021-09-30,PM,76.5946,76.3926,-0.2637
2021-09-30,BIIB,282.99,266.68,-5.7635
2021-09-30,BBY,85.6957,99.096,15.6371
2021-09-30,ORLY,40.7373,41.488,1.8427
2021-09-30,AZO,1697.99,1784.84,5.1149
2021-09-30,JNJ,141.9573,143.1703,0.8545
2021-09-30,WSM,80.9402,85.0971,5.1358
2021-09-30,HSY,150.3901,155.8103,3.6041
2021-09-30,CIEN,51.35,54.29,5.7254
2021-09-30,CL,67.4719,68.4283,1.4174
2021-09-30,IDXX,621.9,666.14,7.1137
2021-09-30,JKHY,155.006,157.2924,1.4751
2021-09-30,KLAC,318.9945,355.4703,11.4346
2021-09-30,CPRT,34.68,38.8225,11.9449
2021-09-30,POOL,406.447,481.9991,18.5884
2021-09-30,SYK,251.6356,253.8779,0.8911
2021-09-30,DPZ,448.3661,459.6561,2.518
2021-09-30,LMT,305.7511,294.4283,-3.7032
2021-09-30,TER,107.1894,135.7321,26.6282
2021-10-31,TSCO,40.192,41.797,3.9933
2021-10-31,PM,76.3926,69.4434,-9.0967
2021-10-31,BIIB,266.68,235.74,-11.6019
2021-10-31,AZO,1784.84,1817.0699,1.8058
2021-10-31,BBY,99.096,86.628,-12.5818
2021-10-31,ORLY,41.488,42.544,2.5453
2021-10-31,JNJ,143.1703,137.9591,-3.6399
2021-10-31,WSM,85.0971,89.2711,4.905
2021-10-31,HSY,155.8103,158.5084,1.7316
2021-10-31,CL,68.4283,67.3774,-1.5357
2021-10-31,JKHY,157.2924,143.262,-8.92
2021-10-31,CIEN,54.29,60.23,10.9412
2021-10-31,IDXX,666.14,608.07,-8.7174
2021-10-31,KLAC,355.4703,390.1923,9.7679
2021-10-31,CPRT,38.8225,36.29,-6.5233
2021-10-31,DPZ,459.6561,492.7177,7.1927
2021-10-31,SYK,253.8779,225.7869,-11.0648
2021-10-31,POOL,481.9991,519.2491,7.7282
2021-10-31,LMT,294.4283,297.7576,1.1308
2021-10-31,TER,135.7321,150.1972,10.6571
2021-11-30,TSCO,41.797,44.2585,5.8891
2021-11-30,PM,69.4434,77.8097,12.0476
2021-11-30,BIIB,235.74,239.92,1.7731
2021-11-30,AZO,1817.0699,2096.3899,15.372
2021-11-30,BBY,86.628,82.923,-4.2769
2021-11-30,ORLY,42.544,47.082,10.6666
2021-11-30,JNJ,137.9591,151.3542,9.7095
2021-11-30,WSM,89.2711,77.4914,-13.1954
2021-11-30,HSY,158.5084,172.7794,9.0033
2021-11-30,CL,67.3774,76.6461,13.7563
2021-11-30,JKHY,143.262,158.2663,10.4734
2021-11-30,IDXX,608.07,658.46,8.2869
2021-11-30,CIEN,60.23,76.97,27.7935
2021-11-30,POOL,519.2491,530.3815,2.1439
2021-11-30,KLAC,390.1923,411.2062,5.3855
2021-11-30,CPRT,36.29,37.905,4.4503
2021-11-30,DPZ,492.7177,531.4279,7.8565
2021-11-30,LMT,297.7576,317.4908,6.6273
2021-11-30,SYK,225.7869,255.8219,13.3023
2021-11-30,FICO,353.13,433.67,22.8075
2021-12-31,TSCO,44.2585,40.4948,-8.5038
2021-12-31,PM,77.8097,84.2392,8.2632
2021-12-31,BIIB,239.92,226.0,-5.8019
2021-12-31,AZO,2096.3899,1986.35,-5.249
2021-12-31,BBY,82.923,81.0294,-2.2835
2021-12-31,ORLY,47.082,43.45,-7.7142
2021-12-31,JNJ,151.3542,152.4336,0.7131
2021-12-31,HSY,172.7794,175.9945,1.8608
2021-12-31,WSM,77.4914,73.9105,-4.6211
2021-12-31,CL,76.6461,74.4528,-2.8616
2021-12-31,JKHY,158.2663,159.0435,0.491
2021-12-31,CIEN,76.97,66.31,-13.8496
2021-12-31,IDXX,658.46,507.3,-22.9566
2021-12-31,KLAC,411.2062,372.1612,-9.4952
2021-12-31,POOL,530.3815,446.2796,-15.8569
2021-12-31,DPZ,531.4279,428.1425,-19.4354
2021-12-31,CPRT,37.905,32.3125,-14.754
2021-12-31,LMT,317.4908,347.6131,9.4876
2021-12-31,SYK,255.8219,237.2919,-7.2433
2021-12-31,FICO,433.67,494.99,14.1398
2022-01-31,TSCO,40.4948,37.9639,-6.25
2022-01-31,PM,84.2392,82.7813,-1.7307
2022-01-31,AZO,1986.35,1863.39,-6.1902
2022-01-31,BIIB,226.0,211.01,-6.6327
2022-01-31,BBY,81.0294,78.8748,-2.6591
2022-01-31,ORLY,43.45,43.2827,-0.3851
2022-01-31,ADBE,534.3,467.68,-12.4686
2022-01-31,JNJ,152.4336,146.538,-3.8677
2022-01-31,HSY,175.9945,181.4361,3.0919
2022-01-31,CIEN,66.31,68.42,3.182
2022-01-31,CL,74.4528,69.4863,-6.6707
2022-01-31,WSM,73.9105,66.6916,-9.767
2022-01-31,JKHY,159.0435,167.5638,5.3572
2022-01-31,LMT,347.6131,390.1851,12.2469
2022-01-31,IDXX,507.3,532.35,4.9379
2022-01-31,DPZ,428.1425,407.0109,-4.9357
2022-01-31,CPRT,32.3125,30.72,-4.9284
2022-01-31,KLAC,372.1612,334.0833,-10.2316
2022-01-31,POOL,446.2796,429.7215,-3.7103
2022-01-31,SYK,237.2919,251.9283,6.1681
2022-02-28,PM,82.7813,77.9824,-5.7971
2022-02-28,TSCO,37.9639,43.4743,14.5149
2022-02-28,AZO,1863.39,2044.58,9.7237
2022-02-28,ORLY,43.2827,45.664,5.5018
2022-02-28,BBY,78.8748,74.8533,-5.0986
2022-02-28,ADBE,467.68,455.62,-2.5787
2022-02-28,HSY,181.4361,194.3266,7.1047
2022-02-28,LII,253.5689,245.7958,-3.0655
2022-02-28,CL,69.4863,68.4749,-1.4555
2022-02-28,GILD,51.6857,51.5212,-0.3182
2022-02-28,WSM,66.6916,66.7561,0.0966
2022-02-28,JNJ,146.538,157.8108,7.6928
2022-02-28,JKHY,167.5638,187.2511,11.7491
2022-02-28,CF,74.1229,94.0893,26.9368
2022-02-28,CIEN,68.42,60.63,-11.3856
2022-02-28,POOL,429.7215,396.9668,-7.6223
2022-02-28,LMT,390.1851,397.0211,1.752
2022-02-28,TXN,150.196,162.1152,7.9357
2022-02-28,IDXX,532.35,547.06,2.7632
2022-02-28,DPZ,407.0109,384.3744,-5.5617
2022-03-31,PM,77.9824,83.013,6.4509
2022-03-31,TSCO,43.4743,37.528,-13.6779
2022-03-31,BBY,74.8533,74.0545,-1.0671
2022-03-31,LOW,185.9416,182.5757,-1.8102
2022-03-31,AZO,2044.58,1955.47,-4.3584
2022-03-31,ORLY,45.664,40.4367,-11.4474
2022-03-31,ADBE,455.62,395.95,-13.0964
2022-03-31,CL,68.4749,69.9846,2.2048
2022-03-31,HSY,194.3266,202.5256,4.2192
2022-03-31,LII,245.7958,203.2157,-17.3234
2022-03-31,GILD,51.5212,51.4259,-0.185
2022-03-31,CIEN,60.63,55.17,-9.0054
2022-03-31,WSM,66.7561,60.3993,-9.5223
2022-03-31,LMT,397.0211,388.6741,-2.1024
2022-03-31,JNJ,157.8108,160.6869,1.8225
2022-03-31,JKHY,187.2511,180.1525,-3.7909
2022-03-31,DPZ,384.3744,319.2024,-16.9553
2022-03-31,IDXX,547.06,430.48,-21.3103
2022-03-31,POOL,396.9668,380.4159,-4.1693
2022-03-31,CF,94.0893,88.4016,-6.045
2022-04-30,PM,83.013,88.2013,6.25
2022-04-30,TSCO,37.528,35.0857,-6.5079
2022-04-30,BBY,74.0545,67.5738,-8.7513
2022-04-30,AZO,1955.47,2059.6499,5.3276
2022-04-30,LOW,182.5757,180.332,-1.2289
2022-04-30,ORLY,40.4367,42.478,5.0482
2022-04-30,LII,203.2157,199.1264,-2.0123
2022-04-30,ADBE,395.95,416.48,5.185
2022-04-30,HSY,202.5256,190.7406,-5.819
2022-04-30,CL,69.9846,71.5832,2.2842
2022-04-30,GILD,51.4259,56.201,9.2855
2022-04-30,JKHY,180.1525,179.2426,-0.5051
2022-04-30,CIEN,55.17,50.82,-7.8847
2022-04-30,WSM,60.3993,59.2143,-1.962
2022-04-30,LMT,388.6741,398.3362,2.4859
2022-04-30,JNJ,160.6869,160.8861,0.1239
2022-04-30,IDXX,430.48,391.62,-9.0271
2022-04-30,TXN,150.4257,157.2397,4.5298
2022-04-30,DPZ,319.2024,342.9725,7.4467
2022-04-30,CF,88.4016,90.5399,2.4189
2022-05-31,PM,88.2013,82.9955,-5.9022
2022-05-31,TSCO,35.0857,36.301,3.4639
2022-05-31,BBY,67.5738,54.3406,-19.5834
2022-05-31,LOW,180.332,161.2831,-10.5632
2022-05-31,AZO,2059.6499,2149.1201,4.344
2022-05-31,ORLY,42.478,42.1173,-0.8491
2022-05-31,LII,199.1264,197.9609,-0.5853
2022-05-31,HSY,190.7406,193.8489,1.6296
2022-05-31,CL,71.5832,72.7913,1.6876
2022-05-31,ADBE,416.48,366.06,-12.1062
2022-05-31,GILD,56.201,54.2358,-3.4968
2022-05-31,JKHY,179.2426,171.5249,-4.3058
2022-05-31,CIEN,50.82,45.7,-10.0748
2022-05-31,WSM,59.2143,51.3589,-13.2661
2022-05-31,LMT,398.3362,389.1496,-2.3063
2022-05-31,JNJ,160.8861,159.0758,-1.1252
2022-05-31,CF,90.5399,78.5865,-13.2024
2022-05-31,DPZ,342.9725,369.1032,7.6189
2022-05-31,TXN,157.2397,136.6817,-13.0743
2022-05-31,IDXX,391.62,350.73,-10.4412
2022-06-30,PM,82.9955,81.659,-1.6103
2022-06-30,TSCO,36.301,35.8572,-1.2226
2022-06-30,BBY,54.3406,64.1767,18.1009
2022-06-30,LOW,161.2831,177.8561,10.2757
2022-06-30,ORLY,42.1173,46.906,11.3698
2022-06-30,AZO,2149.1201,2137.3899,-0.5458
2022-06-30,LII,197.9609,229.5251,15.9446
2022-06-30,HSY,193.8489,205.3811,5.9491
2022-06-30,ADBE,366.06,410.12,12.0363
2022-06-30,GILD,54.2358,52.4282,-3.3328
2022-06-30,CL,72.7913,71.9558,-1.1477
2022-06-30,WSM,51.3589,67.2335,30.9092
2022-06-30,JKHY,171.5249,197.9654,15.4149
2022-06-30,JNJ,159.0758,156.3963,-1.6844
2022-06-30,CIEN,45.7,51.6,12.9103
2022-06-30,LMT,389.1496,374.5325,-3.7562
2022-06-30,TXN,136.6817,160.1825,17.1938
2022-06-30,CF,78.5865,87.5332,11.3846
2022-06-30,IDXX,350.73,399.18,13.814
2022-06-30,DPZ,369.1032,371.3763,0.6158
2022-07-31,PM,81.659,80.2637,-1.7087
2022-07-31,TSCO,35.8572,34.828,-2.8704
2022-07-31,BBY,64.1767,58.9252,-8.1829
2022-07-31,LOW,177.8561,180.2797,1.3627
2022-07-31,AZO,2137.3899,2119.21,-0.8506
2022-07-31,ORLY,46.906,46.4747,-0.9196
2022-07-31,LII,229.5251,231.0972,0.6849
2022-07-31,CL,71.9558,71.4715,-0.6731
2022-07-31,HSY,205.3811,203.3309,-0.9982
2022-07-31,ADBE,410.12,373.44,-8.9437
2022-07-31,GILD,52.4282,55.6924,6.2259
2022-07-31,CTAS,102.5345,98.3033,-4.1266
2022-07-31,JNJ,156.3963,145.5565,-6.931
2022-07-31,WSM,67.2335,69.2493,2.9982
2022-07-31,LMT,374.5325,382.7556,2.1955
2022-07-31,JKHY,197.9654,183.1301,-7.4939
2022-07-31,CIEN,51.6,50.74,-1.6667
2022-07-31,TXN,160.1825,147.9332,-7.6471
2022-07-31,DPZ,371.3763,352.1971,-5.1644
2022-07-31,CF,87.5332,95.2112,8.7714
2022-08-31,PM,80.2637,70.7705,-11.8275
2022-08-31,TSCO,34.828,34.9653,0.3943
2022-08-31,BBY,58.9252,53.446,-9.2986
2022-08-31,LOW,180.2797,174.4016,-3.2605
2022-08-31,ORLY,46.4747,46.89,0.8937
2022-08-31,AZO,2119.21,2141.9299,1.0721
2022-08-31,CL,71.4715,64.1973,-10.1777
2022-08-31,HSY,203.3309,199.5299,-1.8694
2022-08-31,LII,231.0972,214.3029,-7.2672
2022-08-31,ADBE,373.44,275.2,-26.3068
2022-08-31,CTAS,98.3033,93.797,-4.5841
2022-08-31,GILD,55.6924,54.7444,-1.7022
2022-08-31,JKHY,183.1301,174.1022,-4.9298
2022-08-31,WSM,69.2493,54.8641,-20.7731
2022-08-31,JNJ,145.5565,147.3789,1.252
2022-08-31,LMT,382.7556,351.9427,-8.0503
2022-08-31,CIEN,50.74,40.43,-20.3193
2022-08-31,TXN,147.9332,138.5938,-6.3132
2022-08-31,TER,83.4308,74.0764,-11.2122
2022-08-31,CF,95.2112,88.576,-6.9689
2022-09-30,PM,70.7705,78.3071,10.6493
2022-09-30,TSCO,34.9653,41.3403,18.2322
2022-09-30,BBY,53.446,57.7241,8.0044
2022-09-30,LOW,174.4016,182.0166,4.3663
2022-09-30,ORLY,46.89,55.8113,19.0261
2022-09-30,AZO,2141.9299,2532.8799,18.2522
2022-09-30,ADBE,275.2,318.5,15.734
2022-09-30,CL,64.1973,67.923,5.8034
2022-09-30,LII,214.3029,224.7933,4.8952
2022-09-30,HSY,199.5299,216.0917,8.3004
2022-09-30,CTAS,93.797,103.3074,10.1394
2022-09-30,WSM,54.8641,58.0385,5.786
2022-09-30,GILD,54.7444,69.6262,27.1843
2022-09-30,CIEN,40.43,47.9,18.4764
2022-09-30,JKHY,174.1022,190.1399,9.2116
2022-09-30,LMT,351.9427,443.4065,25.9882
2022-09-30,JNJ,147.3789,156.951,6.4949
2022-09-30,CPRT,26.6,28.755,8.1015
2022-09-30,DPZ,294.7228,315.6631,7.1051
2022-09-30,CF,88.576,97.7879,10.4
2022-10-31,PM,78.3071,84.974,8.5139
2022-10-31,TSCO,41.3403,42.7535,3.4186
2022-10-31,BBY,57.7241,71.9758,24.6894
2022-10-31,AZO,2532.8799,2579.0,1.8209
2022-10-31,ORLY,55.8113,57.636,3.2694
2022-10-31,LOW,182.0166,198.4489,9.028
2022-10-31,LII,224.7933,250.644,11.4998
2022-10-31,ADBE,318.5,344.93,8.2983
2022-10-31,CL,67.923,71.2713,4.9296
2022-10-31,HSY,216.0917,213.8264,-1.0483
2022-10-31,GILD,69.6262,77.9413,11.9424
2022-10-31,WSM,58.0385,54.7904,-5.5964
2022-10-31,CTAS,103.3074,111.8681,8.2866
2022-10-31,JKHY,190.1399,181.343,-4.6265
2022-10-31,JNJ,156.951,161.6233,2.9769
2022-10-31,CIEN,47.9,44.96,-6.1378
2022-10-31,LMT,443.4065,444.8055,0.3155
2022-10-31,TXN,144.9789,162.8767,12.3451
2022-10-31,CPRT,28.755,33.28,15.7364
2022-10-31,DPZ,315.6631,369.3346,17.0028
2022-11-30,PM,84.974,87.3866,2.8392
2022-11-30,TSCO,42.7535,42.5004,-0.5921
2022-11-30,BBY,71.9758,68.4168,-4.9447
2022-11-30,AZO,2579.0,2466.1799,-4.3746
2022-11-30,ORLY,57.636,56.2687,-2.3724
2022-11-30,LOW,198.4489,186.022,-6.262
2022-11-30,CL,71.2713,72.4763,1.6908
2022-11-30,ADBE,344.93,336.53,-2.4353
2022-11-30,LII,250.644,231.2642,-7.732
2022-11-30,HSY,213.8264,210.5531,-1.5308
2022-11-30,TEL,119.9252,109.1612,-8.9756
2022-11-30,GILD,77.9413,76.816,-1.4437
2022-11-30,CTAS,111.8681,109.4068,-2.2002
2022-11-30,WSM,54.7904,53.8624,-1.6938
2022-11-30,JKHY,181.343,168.1361,-7.2828
2022-11-30,CIEN,44.96,50.98,13.3897
2022-11-30,LMT,444.8055,445.9973,0.2679
2022-11-30,JNJ,161.6233,160.3974,-0.7585
2022-11-30,CF,99.9529,78.7132,-21.2496
2022-11-30,TXN,162.8767,149.1217,-8.4451
2022-12-31,PM,87.3866,90.0028,2.9938
2022-12-31,TSCO,42.5004,43.0709,1.3424
2022-12-31,BBY,68.4168,75.6756,10.6096
2022-12-31,AZO,2466.1799,2438.8501,-1.1082
2022-12-31,ORLY,56.2687,52.8233,-6.123
2022-12-31,LOW,186.022,195.4347,5.06
2022-12-31,LII,231.2642,251.942,8.9412
2022-12-31,ADBE,336.53,370.34,10.0467
2022-12-31,GILD,76.816,75.1071,-2.2248
2022-12-31,TEL,109.1612,120.9046,10.7578
2022-12-31,CL,72.4763,68.9888,-4.8119
2022-12-31,HSY,210.5531,204.2157,-3.0099
2022-12-31,CTAS,109.4068,107.4979,-1.7448
2022-12-31,WSM,53.8624,63.6447,18.1617
2022-12-31,JKHY,168.1361,172.4746,2.5803
2022-12-31,LMT,445.9973,424.7008,-4.775
2022-12-31,JNJ,160.3974,148.3847,-7.4894
2022-12-31,CF,78.7132,78.2513,-0.5869
2022-12-31,TXN,149.1217,161.0833,8.0213
2022-12-31,DPZ,330.1201,336.4099,1.9053
